Designator,Footprint,Quantity,Value,LCSC Part #
"C1, C2, C28",0805,3,10μF X7R,C326595
"C10, C11",0402,2,14pF C0G,C5360816
"C12, C13, C14, C17, C18, C21, C27, C29, C30, C4, C7, C8, C9",0603,13,0.1μF X7R,C1590
C15,0603,1,2.2μF X7R,C43922
C16,0603,1,10nF X7R,C1589
"C19, C20",1206,2,10μF X7R 50V,C89632
C22,0603,1,33nF X7R,C1614
C23,0603,1,0.1μF X7R 16V,C1590
"C24, C25",1206,2,22μF X5R 35V,C342620
C26,0603,1,0.1μF X7R 35V,C385964
C3,0603,1,1μF X7R,C5199872
"C5, C6",0603,2,4.7μF X7R,C6119822
CR1,SMBJ18A,1,SMBJ18A,C10212
"D1, D2",0603,2,LED,C2286
J3,XY-SM08B-SRSS-TB,1,SM08B-SRSS-TBLFSN,C54582896
L1,74439346068,1,74439346068,C2041388
R1,R_0603,1,100kΩ,C25803
R10,0603,1,53.6k,C23074
R11,R_0603,1,10Ω,C22859
R12,0603,1,400,C5841024
"R13, R16, R5, R6, R7, R8",R_0603,6,10kΩ,C25804
R14,1206,1,510k,C2774961
R15,1206,1,200k,C5720887
"R17, R19",R_0603,2,1kΩ,C21190
R18,R_0603,1,1.5kΩ,C22843
"R2, R3, R4",R_0603,3,5.1kΩ,C23186
R9,0603,1,10.2k,C22772
U1,SOT-23-5_HandSoldering,1,AP2112K-3.3,C23380830
U2,SOT-23-6_Handsoldering,1,USBLC6-2SC6,C7519
U6,SOT-583-8,1,TPS62933,C3200405
U7,TPS2115ADRBR,1,TPS2115ADRBR,C140321
USB1,USB-C_SMD-TYPE-C-31-M-12,1,USB-TYPE-C-018,C2927038
Y1,CRYSTAL-SMD_4P-L3.2-W2.5-BL,1,25MHz_GND24,C9006
