Designator,Mid X,Mid Y,Rotation,Layer
C1,139.9625,-104.3,90.0,top
C10,160.04,-90.38,270.0,top
C11,160.47875,-92.60375,90.0,top
C12,142.9,-96.4625,270.0,top
C13,169.5,-89.2,90.0,top
C14,149.05,-100.65,0.0,top
C15,149.06,-102.25,0.0,top
C16,146.1,-98.6625,270.0,top
C17,158.4,-103.0125,270.0,top
C18,156.35,-104.6625,270.0,top
C19,142.3625,-76.9,180.0,top
C2,148.0625,-104.9,0.0,top
C20,142.3625,-79.55,180.0,top
C21,131.7375,-93.931299,180.0,top
C22,148.75,-87.4625,270.0,top
C23,145.2,-91.3,0.0,top
C24,136.1,-83.7625,90.0,top
C25,133.3,-83.7625,90.0,top
C26,131.0344,-83.7625,90.0,top
C27,136.0,-93.9,0.0,top
C28,135.3,-92.1,0.0,top
C29,162.0,-104.7125,270.0,top
C3,160.75,-97.2625,270.0,top
C30,162.2,-107.25,0.0,top
C4,159.15,-97.2625,270.0,top
C5,169.0375,-99.95,0.0,top
C6,171.0,-102.55,270.0,top
C7,170.9,-97.45,90.0,top
C8,171.0,-90.2,90.0,top
C9,162.95,-88.6025,90.0,top
CR1,145.4,-71.9042,270.0,top
D1,158.2125,-78.35,180.0,top
D2,148.1625,-108.4,180.0,top
H1,135.7,-73.7,0.0,top
H2,166.2,-73.7,0.0,top
H3,135.7,-104.2,0.0,top
H4,166.2,-104.2,0.0,top
J1,161.45,-71.25,180.0,top
J3,153.95,-71.55,180.0,top
JP1,171.2,-73.85,90.0,top
L1,141.6172,-86.6,0.0,top
R1,141.0125,-108.8,0.0,top
R10,152.3,-88.05,0.0,top
R11,146.3,-87.72,270.0,top
R12,136.1875,-100.0,0.0,top
R13,170.0,-106.87,270.0,top
R14,150.0,-77.9,0.0,top
R15,150.0,-80.7,0.0,top
R16,158.95,-106.2,90.0,top
R17,160.5,-104.7,270.0,top
R18,158.28,-76.8,180.0,top
R19,161.9,-109.0,180.0,top
R2,160.93,-84.2,180.0,top
R3,164.74,-78.73,90.0,top
R4,148.0625,-106.8,0.0,top
R5,144.4,-96.3,90.0,top
R6,167.3,-89.17,90.0,top
R7,151.55,-99.8,90.0,top
R8,153.55,-101.55,90.0,top
R9,152.2875,-85.85,0.0,top
TP1,155.25,-107.35,90.0,bottom
TP2,151.15,-107.35,90.0,bottom
TP3,146.65,-107.35,90.0,bottom
TP4,142.3,-107.4,90.0,bottom
U1,143.5125,-106.3,180.0,top
U2,161.55,-81.55,0.0,top
U3,165.75,-95.05,90.0,top
U4,149.011,-97.9,270.0,top
U5,155.850001,-101.2249,180.0,top
U6,148.15,-83.7,270.0,top
U7,133.7126,-97.0063,90.0,top
USB1,168.71,-82.03,90.0,top
Y1,157.62875,-91.45375,270.0,top
